{"Creepoid - OldTree": {"length": 13327360, "mean": -9.052960376720876e-05, "std": 0.11610835045576096, "samplerate": 44100}, "Hezekiah Jones - Borrowed Heart": {"length": 10653609, "mean": -1.6182066246983595e-05, "std": 0.10675626248121262, "samplerate": 44100}, "Grants - PunchDrunk": {"length": 9022943, "mean": -1.6479440091643482e-05, "std": 0.12609630823135376, "samplerate": 44100}, "Faces On Film - Waiting For Ga": {"length": 11361585, "mean": -1.5022168554423843e-05, "std": 0.1190246120095253, "samplerate": 44100}, "Dark Ride - Burning Bridges": {"length": 10268606, "mean": 2.9638475098181516e-05, "std": 0.15337225794792175, "samplerate": 44100}, "ANiMAL - Easy Tiger": {"length": 9069513, "mean": 0.0006613280274905264, "std": 0.11736074090003967, "samplerate": 44100}, "Music Delta - Punk": {"length": 1268428, "mean": -1.717851046123542e-05, "std": 0.17999611794948578, "samplerate": 44100}, "Triviul - Dorothy": {"length": 8271302, "mean": 0.0004062094376422465, "std": 0.09533925354480743, "samplerate": 44100}, "Young Griffo - Blood To Bone": {"length": 11227143, "mean": -0.00041006834362633526, "std": 0.12402936816215515, "samplerate": 44100}, "Music Delta - 80s Rock": {"length": 1628160, "mean": 4.8535707719565835e-06, "std": 0.15773047506809235, "samplerate": 44100}, "Phre The Eon - Everybody's Falling Apart": {"length": 9896906, "mean": 0.0002301989879924804, "std": 0.12870462238788605, "samplerate": 44100}, "Spike Mullings - Mike's Sulking": {"length": 11328187, "mean": -0.000439611729234457, "std": 0.13508853316307068, "samplerate": 44100}, "Music Delta - Rockabilly": {"length": 1144358, "mean": -0.0001264565362362191, "std": 0.15688861906528473, "samplerate": 44100}, "Angela Thomas Wade - Milk Cow Blues": {"length": 9309038, "mean": -9.01006133062765e-05, "std": 0.09705455601215363, "samplerate": 44100}, "Steven Clark - Bounty": {"length": 12765251, "mean": -1.542959944345057e-05, "std": 0.11360538005828857, "samplerate": 44100}, "Meaxic - Take A Step": {"length": 12467701, "mean": -0.00047345738857984543, "std": 0.13011504709720612, "samplerate": 44100}, "Strand Of Oaks - Spacestation": {"length": 10754304, "mean": -0.0001166671427199617, "std": 0.08421693742275238, "samplerate": 44100}, "Music Delta - Grunge": {"length": 1845768, "mean": -0.0004570085438899696, "std": 0.13255271315574646, "samplerate": 44100}, "Matthew Entwistle - Dont You Ever": {"length": 5028130, "mean": -0.0018554992275312543, "std": 0.08991488814353943, "samplerate": 44100}, "Fergessen - Back From The Start": {"length": 7441678, "mean": -4.470877684070729e-05, "std": 0.09884344786405563, "samplerate": 44100}, "Music Delta - Country2": {"length": 769760, "mean": -8.83290558704175e-05, "std": 0.14765086770057678, "samplerate": 44100}, "Leaf - Summerghost": {"length": 10231200, "mean": -0.0002656998985912651, "std": 0.10074508935213089, "samplerate": 44100}, "A Classic Education - NightOwl": {"length": 7560512, "mean": 2.206354656664189e-05, "std": 0.1550811231136322, "samplerate": 44100}, "Actions - South Of The Water": {"length": 7797007, "mean": -0.0005431654280982912, "std": 0.13645820319652557, "samplerate": 44100}, "Skelpolu - Human Mistakes": {"length": 14318640, "mean": -4.843514034291729e-05, "std": 0.16022297739982605, "samplerate": 44100}, "Fergessen - The Wind": {"length": 8467200, "mean": -0.0002202122996095568, "std": 0.12247566878795624, "samplerate": 44100}, "Hollow Ground - Left Blind": {"length": 7024697, "mean": -2.8255986762815155e-05, "std": 0.1382683366537094, "samplerate": 44100}, "Music Delta - Disco": {"length": 5502796, "mean": 3.7313668144633994e-05, "std": 0.11945431679487228, "samplerate": 44100}, "Patrick Talbot - Set Me Free": {"length": 12788212, "mean": -7.053873559925705e-05, "std": 0.08735955506563187, "samplerate": 44100}, "Port St Willow - Stay Even": {"length": 13980352, "mean": -1.6161828170879744e-05, "std": 0.0832693949341774, "samplerate": 44100}, "Clara Berry And Wooldog - Air Traffic": {"length": 7648954, "mean": 0.0001175502547994256, "std": 0.08687268197536469, "samplerate": 44100}, "The So So Glos - Emergency": {"length": 7364700, "mean": -1.1655268281174358e-05, "std": 0.12754663825035095, "samplerate": 44100}, "Flags - 54": {"length": 13906659, "mean": 7.889320841059089e-05, "std": 0.10807489603757858, "samplerate": 44100}, "Traffic Experiment - Sirens": {"length": 18586361, "mean": 0.008916198275983334, "std": 0.11385421454906464, "samplerate": 44100}, "Tim Taler - Stalker": {"length": 10487782, "mean": 0.00023597052495460957, "std": 0.08580990135669708, "samplerate": 44100}, "Auctioneer - Our Future Faces": {"length": 9167616, "mean": -0.00018839622498489916, "std": 0.13517972826957703, "samplerate": 44100}, "Wall Of Death - Femme": {"length": 10545019, "mean": 0.00014138910046312958, "std": 0.14382685720920563, "samplerate": 44100}, "Invisible Familiars - Disturbing Wildlife": {"length": 9644414, "mean": -1.541296842333395e-05, "std": 0.11814389377832413, "samplerate": 44100}, "Leaf - Come Around": {"length": 11667994, "mean": 0.00018998151062987745, "std": 0.15629543364048004, "samplerate": 44100}, "ANiMAL - Clinic A": {"length": 10497966, "mean": -0.0032784698996692896, "std": 0.13023827970027924, "samplerate": 44100}, "Triviul - Angelsaint": {"length": 10447256, "mean": -0.0002195804554503411, "std": 0.1319519579410553, "samplerate": 44100}, "Skelpolu - Together Alone": {"length": 14376601, "mean": 0.0016334585379809141, "std": 0.11554659903049469, "samplerate": 44100}, "Johnny Lokke - Promises & Lies": {"length": 12612600, "mean": -6.33032395853661e-05, "std": 0.14834333956241608, "samplerate": 44100}, "Giselle - Moss": {"length": 8903278, "mean": -0.00041420108755119145, "std": 0.08941446244716644, "samplerate": 44100}, "Music Delta - Country1": {"length": 1532160, "mean": -9.422241419088095e-05, "std": 0.13146713376045227, "samplerate": 44100}, "The Scarlet Brand - Les Fleurs Du Mal": {"length": 13390407, "mean": -7.855673902668059e-05, "std": 0.09663653373718262, "samplerate": 44100}, "Remember December - C U Next Time": {"length": 10703664, "mean": -3.5045333788730204e-05, "std": 0.13427075743675232, "samplerate": 44100}, "Dreamers Of The Ghetto - Heavy Love": {"length": 13008896, "mean": -1.5195156265690457e-05, "std": 0.11092871427536011, "samplerate": 44100}, "Chris Durban - Celebrate": {"length": 13308750, "mean": -0.0004946425906382501, "std": 0.11984775215387344, "samplerate": 44100}, "James May - On The Line": {"length": 11301609, "mean": 7.115124753909186e-05, "std": 0.11677516996860504, "samplerate": 44100}, "The Districts - Vermont": {"length": 10061547, "mean": -1.334987609880045e-05, "std": 0.12553110718727112, "samplerate": 44100}, "James May - If You Say": {"length": 11399850, "mean": -1.4005184311827179e-05, "std": 0.06404387205839157, "samplerate": 44100}, "Music Delta - Beatles": {"length": 1604072, "mean": -0.0002113575756084174, "std": 0.17357739806175232, "samplerate": 44100}, "Helado Negro - Mitad Del Mundo": {"length": 8019600, "mean": -2.891508484026417e-05, "std": 0.11569945514202118, "samplerate": 44100}, "Patrick Talbot - A Reason To Leave": {"length": 11454778, "mean": -0.00012873242667410523, "std": 0.08487064391374588, "samplerate": 44100}, "Alexander Ross - Goodbye Bolero": {"length": 18469819, "mean": -1.2395424164424185e-05, "std": 0.09013104438781738, "samplerate": 44100}, "Music Delta - Reggae": {"length": 770104, "mean": -4.134886330575682e-05, "std": 0.1771422177553177, "samplerate": 44100}, "North To Alaska - All The Same": {"length": 10943100, "mean": -3.992934580310248e-05, "std": 0.08475100994110107, "samplerate": 44100}, "Music Delta - Hendrix": {"length": 875118, "mean": 6.186201790114865e-05, "std": 0.17254717648029327, "samplerate": 44100}, "Meaxic - You Listen": {"length": 18200666, "mean": -0.00023356132442131639, "std": 0.0938744992017746, "samplerate": 44100}, "Bill Chudziak - Children Of No-one": {"length": 10184147, "mean": 0.0006658745696768165,